{"cameraMode":{"drawMode":0,"name":"Shaded","section":"Shading Mode"},"sceneLighting":false,"audioPlay":false,"sceneViewState":{"showFog":true,"showMaterialUpdate":false,"showSkybox":false,"showFlares":true,"showImageEffects":true,"showParticleSystems":true},"in2DMode":false,"pivot":{"x":4.757484436035156,"y":-12.802431106567383,"z":53.21135711669922},"rotation":{"x":0.20692525804042817,"y":0.2062946856021881,"z":-0.04470234364271164,"w":0.9553287029266357},"size":51.01387023925781,"orthographic":false}