{"cameraMode":{"drawMode":0,"name":"Shaded","section":"Shading Mode"},"sceneLighting":true,"audioPlay":false,"sceneViewState":{"showFog":true,"showMaterialUpdate":false,"showSkybox":true,"showFlares":true,"showImageEffects":true,"showParticleSystems":true},"in2DMode":false,"pivot":{"x":-2.0341315269470217,"y":2.0164148807525636,"z":12.952079772949219},"rotation":{"x":0.002956682350486517,"y":0.9970295429229736,"z":0.05058299005031586,"w":-0.05827714130282402},"size":11.024100303649903,"orthographic":false}